{
  "selected_model": "XGBoost",
  "selection_date": "2025-10-28",
  "weighted_score": 0.8761952152953976,
  "performance_metrics": {
    "roc_auc": 0.9527741994847257,
    "f1_score": 0.9117647058823529,
    "accuracy": 0.9136690647482014,
    "precision": 0.93,
    "recall": 0.8942307692307693,
    "cv_mean": 0.9664631245043616,
    "cv_std": 0.005576716924194534,
    "prediction_time_ms": 25.98285675048828
  },
  "selection_criteria": {
    "roc_auc": 0.4,
    "f1_score": 0.25,
    "cv_stability": 0.15,
    "speed": 0.1,
    "precision": 0.1
  },
  "model_comparison": {
    "Decision Tree": 0.8046874559436125,
    "XGBoost": 0.8761952152953976,
    "Random Forest": 0.8244754582972419,
    "SVM": 0.7469166174293612,
    "Logistic Regression": 0.6957211340768126
  },
  "advantages": [
    "State-of-the-art gradient boosting performance",
    "Built-in regularization prevents overfitting",
    "Excellent handling of missing values",
    "High predictive accuracy"
  ],
  "considerations": [
    "Requires more hyperparameter tuning",
    "Less interpretable than simpler models"
  ],
  "deployment_readiness": "Ready for production deployment"
}